#YYY/MM/DD,HH:mm:SS.ss,ET,MAG,M,LAT,LON,DEPTH,Q,EVID,NPH,NGRM
9/12/2010,44:12.3,le,3.75,l,32.022,-115.091,10,D,10796437,35,2000
9/12/2010,44:53.4,le,3.12,l,34.73,-116.773,4,A,10796885,100,1925
9/14/2010,52:18.0,le,4.96,w,32.048,-115.198,10,C,10798005,72,1989
9/14/2010,58:39.2,le,3.15,l,32.188,-115.334,13,B,10798205,31,1717
9/15/2010,09:53.4,le,4.79,l,32.165,-115.247,13.8,B,10798845,27,2018
9/15/2010,23:13.2,le,3.37,l,32.295,-115.366,4.4,B,10799037,70,1758
9/16/2010,54:55.7,le,3.88,l,35.843,-117.677,4.6,A,10800093,63,0
9/17/2010,45:17.7,le,3.34,l,32.627,-115.705,4,A,14842932,37,1801
9/18/2010,40:37.3,le,3.94,l,32.216,-115.329,6.8,C,14843060,35,1799
9/18/2010,47:54.0,le,3.04,l,32.208,-115.34,8.8,C,14843140,23,1640
9/20/2010,30:02.4,le,4.75,w,32.026,-115.108,10,C,14844244,26,1994
9/20/2010,17:46.8,le,3.2,l,31.915,-115.108,10,C,14844332,22,1625
9/21/2010,22:49.6,le,3.38,l,32.251,-115.383,13.2,B,14845268,38,1710
9/21/2010,54:47.4,le,3.77,l,32.184,-115.276,6.2,C,14845508,33,1794
9/22/2010,18:21.7,le,4.67,l,31.137,-115.643,6,C,14845884,32,2010
9/22/2010,21:48.8,le,3.16,l,31.177,-115.678,6,C,14845900,16,1791
9/22/2010,25:28.3,le,3.58,l,31.227,-115.664,6,C,14845892,17,1735
9/24/2010,23:53.9,le,3.54,l,31.287,-115.592,6,C,14847052,25,2011
9/25/2010,47:38.0,le,4.21,l,31.267,-115.659,6,C,14847780,21,2035
9/25/2010,49:25.9,le,4.77,l,31.276,-115.622,6,C,14847788,19,2035
9/25/2010,52:47.7,le,3.57,l,31.247,-115.669,6,C,36781759,18,1731
9/26/2010,18:04.3,le,3.71,l,31.178,-115.77,6,C,14848092,21,2035
9/26/2010,23:02.3,le,3.31,l,31.261,-115.63,6,C,14848444,18,1646
9/27/2010,52:24.9,le,3.49,l,31.265,-115.573,6,C,14848652,19,1951
9/27/2010,05:35.7,le,3.08,l,31.26,-115.555,6,C,14848676,16,1746
9/28/2010,56:46.9,le,3.17,l,31.244,-115.659,6,C,14849324,15,1820
9/29/2010,15:49.6,le,3.32,l,31.231,-115.671,6,C,14849412,16,1867
9/29/2010,19:56.9,le,3.43,l,31.266,-115.612,6,C,14849556,25,1713
9/29/2010,26:55.1,le,3.37,l,31.8,-114.936,6,C,14849732,19,1919
9/30/2010,37:36.7,le,4.37,l,37.146,-117.364,6.4,C,14850084,54,2039
9/30/2010,38:48.6,le,3.2,l,37.167,-117.388,0,B,36878327,10,1873
9/30/2010,41:59.9,le,3.18,l,37.147,-117.373,5,B,14850092,34,1822
9/30/2010,51:53.2,le,3.08,l,37.143,-117.388,1.5,B,14850116,39,1834
9/30/2010,17:10.2,le,3.46,l,37.146,-117.382,3,B,14850172,40,1917
9/30/2010,17:02.3,le,3.71,l,37.142,-117.373,5.8,C,14850236,64,2008
9/30/2010,49:48.9,le,3.25,l,37.142,-117.377,4,B,14850396,30,1854
9/30/2010,15:48.0,le,3.2,l,37.173,-117.38,2.2,B,14850596,47,1849
10/1/2010,10:11.0,le,3.4,l,31.25,-115.657,6,C,14851172,18,1968
10/1/2010,40:34.9,le,3.11,l,31.263,-115.644,6,C,14851180,13,1814
10/1/2010,13:12.9,le,3.13,l,37.165,-117.377,1.6,A,14851196,61,1852
10/1/2010,03:01.5,le,3.16,l,32.237,-115.39,6.5,C,14851348,30,1750
10/2/2010,18:24.4,le,3.12,l,32.681,-115.894,4.8,A,14851956,53,1815
10/3/2010,10:11.7,le,3.32,l,37.175,-117.363,1.5,A,14852324,44,1869
10/3/2010,24:52.9,le,3.31,l,37.169,-117.379,1.9,A,14852380,46,1990
10/4/2010,25:45.8,le,3.11,l,37.171,-117.364,3.3,B,14852772,31,1815
10/5/2010,32:20.5,le,3.04,l,32.078,-115.216,10,C,14853612,13,1806
10/5/2010,22:47.1,le,4.03,l,37.155,-117.372,5.7,C,14853740,57,2008
10/5/2010,30:07.7,le,3.41,l,31.166,-115.739,6,C,14853924,14,1827
10/6/2010,58:06.9,le,3.94,l,33.147,-116.492,4.2,A,14854812,132,1922
10/7/2010,10:08.0,le,3.42,l,32.602,-115.74,10,C,14856188,56,1835
10/8/2010,27:21.5,le,3.2,l,32.588,-115.74,11.8,A,14856420,59,1782
10/8/2010,45:19.3,le,4.57,l,31.277,-115.642,0.7,B,14856756,28,2021
10/9/2010,01:45.8,le,3.82,l,32.2,-115.264,5.6,C,14857284,20,1798
10/9/2010,03:23.3,le,3.68,l,31.162,-115.759,6,C,14857756,32,1744
10/10/2010,16:02.3,le,3.21,l,31.123,-115.737,15,C,14858108,18,1537
10/12/2010,00:34.2,le,4.27,l,32.158,-115.29,5.6,C,14858988,58,2026
10/12/2010,58:59.3,le,3.17,l,33.002,-116.468,7.9,A,14859076,105,1865
10/12/2010,24:13.8,le,3.06,l,35.962,-117.663,3,A,14859364,60,1961
10/13/2010,20:47.3,le,3.48,l,31.54,-114.347,10,C,14860148,20,2017
10/13/2010,52:01.1,le,3.17,l,31.248,-115.646,6,C,14860372,26,0
10/15/2010,52:11.9,le,3.01,l,32.163,-115.299,12.7,C,14861300,26,1592
10/15/2010,05:20.1,le,3.23,l,32.115,-115.229,10,C,14861452,31,1598
10/16/2010,51:28.5,le,3.62,l,32.162,-115.254,0.8,B,14862044,32,1739
10/17/2010,56:57.0,le,3.44,l,32.088,-115.245,14.5,B,14862116,27,1681
10/18/2010,17:46.8,le,3.4,l,31.135,-115.629,6,C,14862564,19,267
10/18/2010,42:02.8,le,3.15,l,32.565,-115.722,7.7,C,14862860,61,1885
10/18/2010,42:56.4,le,3.16,l,32.255,-115.363,7.5,C,14862884,33,1735
10/19/2010,49:21.0,le,3.1,l,32.36,-115.219,14,B,14863932,22,1692
10/19/2010,58:43.0,le,3.74,l,32.084,-115.234,10,C,14864172,26,1734
10/20/2010,42:07.9,le,3.3,l,32.457,-115.578,14.6,A,14865028,44,1747
10/20/2010,05:28.9,le,3.99,l,31.376,-116.087,6,C,14865572,32,1959
10/20/2010,01:54.0,le,4.7,l,31.364,-116.091,6,C,10823629,34,1968
10/21/2010,54:50.0,le,3.8,l,31.359,-116.103,6,C,10823797,21,1737
10/23/2010,51:01.5,le,3.5,l,31.55,-117.72,6,C,10824605,24,2064
10/23/2010,27:21.0,le,3.11,l,32.16,-115.232,13.5,B,10824637,27,1683
10/25/2010,48:36.7,le,3.57,l,31.238,-115.671,6,C,10826077,21,2054
10/25/2010,45:36.5,le,3.73,l,35.068,-118.979,17.2,A,10826277,84,2030
10/25/2010,44:36.9,le,3.05,l,31.15,-115.745,10,C,10826437,24,1806
10/26/2010,04:37.5,le,3.02,l,32.184,-115.333,2.1,B,10826629,35,1669
10/28/2010,24:38.6,le,3.05,l,32.659,-115.728,13,A,14869892,34,1855
10/29/2010,02:55.4,le,3.54,l,32.001,-115.186,10,C,14870372,24,1839
10/29/2010,03:10.3,le,3.51,l,32.09,-115.08,10,C,14870428,11,1820
10/29/2010,04:12.4,le,3.86,l,31.978,-115.066,10,C,14870436,19,1867
10/29/2010,39:18.9,le,3.37,l,31.755,-114.845,10,C,14870636,18,1716
10/29/2010,03:21.8,le,3.88,l,32.828,-115.954,12.4,A,14870860,110,1997
10/29/2010,37:12.4,le,3,l,32.833,-115.952,9.5,A,14870876,58,1880
10/31/2010,42:35.4,le,3.1,l,34.992,-116.949,8.2,A,14871492,97,2047
11/2/2010,51:35.6,le,4.14,l,31.24,-115.65,10,C,14872932,26,2116
11/2/2010,39:52.3,le,3.58,l,31.241,-115.664,6,C,14872956,14,2111
11/2/2010,56:06.8,le,3.22,l,31.25,-115.656,6,C,14873220,26,1965
11/4/2010,23:53.8,le,4.05,l,31.27,-115.666,1.2,C,14874340,14,2126
11/4/2010,03:30.7,le,3.22,l,31.267,-115.635,10,C,14874404,11,1664
11/4/2010,39:59.6,le,4.57,l,32.864,-115.997,13.4,A,10832573,151,2098
11/5/2010,06:37.5,le,3.71,l,33.778,-118.155,18.4,A,10833357,142,2027
11/7/2010,37:46.0,le,4.05,l,31.267,-115.604,6,C,10834789,21,2105
11/7/2010,10:30.3,le,3.17,l,32.142,-115.21,15,C,10835133,28,1759
11/8/2010,03:34.1,le,3.12,l,32.224,-115.345,5.9,C,10835317,28,1812
11/9/2010,24:44.6,le,3.73,l,31.272,-115.658,6,C,10835981,15,1833
11/9/2010,57:24.8,le,3.26,l,32.65,-115.688,11.7,A,10835997,49,1864
11/9/2010,53:47.4,le,3,l,31.3,-115.632,6,C,10836085,11,1544
11/10/2010,28:59.6,le,3.72,l,31.922,-115.051,10,C,10836573,28,1800
11/10/2010,04:54.1,le,3.03,l,32.101,-115.183,6.4,C,10836613,22,1630
11/10/2010,17:07.0,le,3.79,l,31.241,-115.67,6,C,10836717,14,2105
11/10/2010,59:38.4,le,3.31,l,31.277,-115.648,6,C,10836941,18,1943
11/11/2010,21:53.1,le,3.02,l,32.106,-115.24,13.1,B,10837373,30,1666
11/12/2010,25:32.3,le,3,l,31.24,-115.706,6,C,10837581,15,1791
11/12/2010,32:53.9,le,3.56,l,31.249,-115.664,6,C,10837589,23,1781
11/12/2010,27:30.4,le,3.08,l,32.688,-115.537,16.3,A,10837941,49,1833
11/14/2010,37:19.6,le,3.35,l,32.156,-115.218,14.8,B,10838965,26,1761
11/16/2010,52:53.4,le,3.88,l,32.102,-115.225,15,C,10840013,33,1853
11/17/2010,46:14.5,le,3.16,l,33.987,-117.159,14.6,A,10840549,151,1995
11/17/2010,48:30.8,le,3.08,l,31.865,-114.913,10,C,10840885,15,1850
11/17/2010,58:42.9,le,3.68,l,33.004,-116.466,5.5,C,14883196,96,1944
11/18/2010,51:04.8,le,3.62,l,32.144,-115.219,12.3,B,14883684,29,1773
11/19/2010,56:55.0,le,3.75,l,33.388,-116.418,12.8,A,14883716,164,1948
11/23/2010,42:56.9,le,3.38,l,32.082,-115.178,14.4,B,14885260,21,1759
11/23/2010,47:39.1,le,3.17,l,32.603,-115.731,7.7,A,14885556,80,1757
11/25/2010,01:15.6,le,3.74,l,36.035,-117.781,2.4,A,14886020,69,1994
11/30/2010,59:48.2,le,3.17,l,32.117,-115.265,10,C,14888380,22,1310
12/1/2010,31:34.4,le,3.22,l,34.017,-117.227,16.9,A,14889324,122,1963
12/1/2010,53:10.5,le,3.28,l,35.964,-117.664,2.9,A,14889484,45,2005
12/1/2010,53:37.0,le,3.03,l,35.963,-117.663,2.8,A,14889492,39,2003
12/2/2010,59:42.7,le,3.31,l,32.271,-115.337,13.4,B,14890916,31,1837
12/3/2010,05:12.9,le,3.13,l,31.183,-115.754,10,C,14891380,14,1566
12/5/2010,22:32.2,le,3.63,l,32.63,-115.736,22.3,A,14892420,66,1874
12/8/2010,27:06.0,le,3.05,l,32.662,-115.942,6.9,A,14893948,66,1880
12/9/2010,09:11.6,le,3.83,l,32.62,-115.774,4.5,A,14894260,106,1974
12/9/2010,02:28.4,le,4.01,l,32.617,-115.771,4.1,A,14894372,118,2113
12/9/2010,50:00.8,le,3.17,l,32.089,-115.075,10,C,14894412,25,1658
12/10/2010,16:10.8,le,3.66,l,32.613,-115.764,4.8,A,14895060,54,1942
12/10/2010,44:38.4,le,3.91,l,33.139,-116.471,10.6,A,14895084,142,2044
12/11/2010,52:26.3,le,4.87,l,32.163,-115.264,13.1,B,14895612,41,2126
12/11/2010,47:50.3,le,3,l,32.153,-115.265,13.5,B,14895692,30,1764
12/11/2010,30:22.5,le,3.13,l,32.202,-115.264,10,C,14895764,13,186
12/12/2010,01:53.0,le,3.25,l,32.229,-115.271,14.6,B,14895956,29,1788
12/12/2010,26:27.0,le,3.18,l,32.185,-115.29,6.8,C,14896308,34,1834
12/13/2010,11:20.4,le,3.51,l,31.226,-115.68,0.6,A,14897084,33,2125
12/15/2010,27:47.3,le,3.27,l,33.026,-115.547,10.6,A,14898692,65,1877
12/15/2010,59:14.8,le,3.65,l,33.023,-115.54,10,A,14898924,63,1955
12/15/2010,16:47.9,le,4.37,l,33.033,-115.543,13.2,A,14898996,103,2111
12/15/2010,33:41.6,le,3.43,l,33.027,-115.541,13.2,A,14899068,40,1921
12/15/2010,35:03.8,le,3.88,l,33.02,-115.545,11.1,A,14899076,53,1987
12/15/2010,44:32.7,le,3.1,l,33.023,-115.538,8,A,14899164,62,1892
12/16/2010,15:07.3,le,3.15,l,34.031,-118.937,3,A,14900228,103,2043
12/16/2010,14:46.4,le,3.04,l,32.616,-115.767,4.6,A,14900260,43,1870
12/16/2010,20:07.3,le,3.1,l,32.585,-115.757,4.3,A,10858605,61,1891
12/18/2010,04:42.9,le,4.15,l,32.67,-115.83,10,A,10859133,119,2068
12/18/2010,45:03.1,le,3.58,l,32.663,-115.83,8.2,A,10859253,54,1909
12/18/2010,47:03.7,le,3.23,l,32.648,-115.827,8.7,A,10859261,32,1882
12/18/2010,47:10.2,le,3.24,l,32.671,-115.841,10.2,A,36907479,30,1885
12/18/2010,02:19.6,le,3.16,l,32.243,-115.251,14.9,B,10859485,26,1732
12/21/2010,01:49.6,le,3.36,l,32.919,-116.267,13,A,10860557,80,1834
12/23/2010,39:36.0,le,3.17,l,33.372,-116.425,7.2,A,10861101,158,1833
12/23/2010,19:14.1,le,3.09,l,32.237,-115.376,0.7,C,10861173,30,1654
12/23/2010,37:35.0,le,4.31,l,32.453,-115.564,15,C,10861221,92,1966
12/25/2010,20:16.9,le,3.01,l,32.084,-115.105,10,C,10861981,16,95
12/28/2010,38:37.7,le,3.78,l,33.188,-115.621,4.2,A,10863405,100,1924
12/28/2010,52:26.5,le,3.58,l,33.186,-115.62,4.1,A,10863557,102,1903
12/28/2010,36:50.4,le,3.6,l,34.511,-118.68,19.7,A,10863861,148,2005
12/29/2010,48:55.2,le,3.2,l,32.267,-115.359,13.6,B,10864213,33,1762
12/29/2010,04:39.3,le,3.06,l,32.202,-115.373,13,C,10864277,27,1692
12/29/2010,42:20.3,le,3.35,l,32.197,-115.381,0.1,B,10864317,23,1790
12/30/2010,37:20.8,le,3.8,l,32.992,-116.355,5,A,10864749,142,1939
12/31/2010,49:22.1,le,3.58,l,31.224,-115.647,2,C,10865037,19,1730
12/31/2010,59:32.6,le,3.07,l,32.243,-115.385,0,B,10865061,23,1712
12/31/2010,34:35.6,le,3.86,l,31.222,-115.631,4.2,B,10865109,18,192
1/1/2011,34:10.1,le,3.52,l,33.16,-115.644,1.8,A,10865293,99,1886
1/1/2011,00:46.8,le,3.16,l,33.163,-115.638,1.5,A,10865389,52,1858
1/3/2011,38:12.4,le,3.3,l,33.825,-116.986,12.7,A,10866637,206,1938
1/3/2011,57:58.9,le,3.12,l,31.268,-115.729,8,C,10866661,16,1545
1/7/2011,17:23.0,le,4.05,l,31.242,-115.565,6,C,10869405,36,1881
1/7/2011,19:21.3,le,4.04,l,31.258,-115.568,6,C,10869421,24,1913
1/7/2011,19:48.9,le,3.82,l,31.308,-115.691,6,C,36911159,19,1839
1/10/2011,26:04.8,le,3.11,l,33.227,-116.772,11.1,A,10871621,144,1959
1/11/2011,36:21.4,le,3.37,l,37.096,-117.388,5.5,C,10872013,24,1972
1/11/2011,29:21.4,le,3.53,l,31.193,-115.576,6,C,10872045,26,1772
1/11/2011,09:31.4,le,3.48,l,33.958,-120.576,2,B,10872109,33,1999
1/11/2011,51:34.3,le,3.37,l,33.94,-120.595,10.5,C,10872125,43,1966
1/11/2011,52:59.1,le,3.03,l,33.859,-118.458,14.1,A,10872205,105,2017
1/13/2011,17:54.1,le,3.83,l,31.268,-115.628,6,C,10873429,37,1753
1/16/2011,55:48.8,le,3.35,l,31.474,-114.293,10,C,10875229,13,120
1/17/2011,02:21.8,le,3.02,l,31.496,-114.344,10,C,10875685,14,136
1/18/2011,38:47.9,le,3.13,l,31.218,-115.726,6,C,10875797,17,1177
1/22/2011,23:17.0,le,3.22,l,31.157,-115.754,15,C,14920372,18,1268
1/23/2011,15:08.0,le,3.84,l,31.269,-115.637,6,C,14920756,23,1856
1/23/2011,29:59.9,le,4.83,l,31.285,-115.598,7.9,C,14920796,24,274
1/23/2011,45:14.0,le,3.05,l,31.251,-115.662,4.2,B,14920812,15,1640
1/23/2011,55:29.4,le,4.07,l,31.252,-115.677,7.4,A,14920828,24,2110
1/23/2011,57:00.9,le,3,h,31.182,-115.717,6,C,36933799,9,1441
1/23/2011,58:12.4,le,3,h,31.224,-115.695,6,C,36933839,8,1442
1/23/2011,47:24.5,le,4.15,l,32.217,-115.321,1.9,B,14920876,39,2107
1/23/2011,18:22.3,le,3.25,l,31.246,-115.676,4.9,B,14921060,16,1373
1/23/2011,31:23.8,le,3.22,l,32.66,-115.941,6.4,A,14921148,52,1910
1/24/2011,25:41.1,le,3.01,l,31.261,-115.642,5.2,B,14921180,19,1150
1/24/2011,32:35.2,le,3.12,l,31.209,-115.727,1.4,C,14921980,21,205
1/25/2011,53:21.5,le,3.27,l,31.253,-115.661,5.8,C,14922228,14,1648
1/26/2011,11:27.8,le,4.23,l,31.247,-115.681,3.1,B,14922580,21,2115
1/26/2011,56:54.2,le,3.49,l,31.246,-115.674,5.3,B,14922780,18,1600
1/26/2011,13:09.2,le,3.3,l,32.144,-115.228,15,C,14923004,21,1860
1/27/2011,29:46.2,le,3.17,l,35.079,-118.985,19.8,A,14923668,68,2078
1/28/2011,24:03.1,le,3.67,l,31.148,-115.747,15,C,14924292,14,1850
1/29/2011,06:04.5,le,3.47,l,31.253,-115.662,0.4,A,14924500,35,1797
1/31/2011,49:10.7,le,3.2,l,32.095,-115.179,10,C,14925276,16,1795
1/31/2011,46:29.7,le,3.47,l,32.669,-115.847,8.4,A,14925764,60,1948
2/1/2011,10:38.8,le,3.04,l,33.565,-118.315,3,A,14926364,115,2030
2/2/2011,53:33.5,le,3.15,l,32.148,-115.226,14.1,B,14927276,29,1765
2/3/2011,33:14.2,le,3.18,l,32.227,-115.322,5.7,C,14928124,28,1823
2/3/2011,23:02.2,le,3.18,l,31.16,-116.666,6,C,14929108,15,1743
2/4/2011,22:59.0,le,3.21,l,31.893,-116.088,10,C,14929340,42,1853
2/4/2011,31:33.7,le,3.05,l,32.134,-115.222,15,C,14929452,26,1739
2/5/2011,56:25.5,le,3.42,l,31.232,-115.552,10,C,14930004,19,1764
2/6/2011,56:01.0,le,3.95,l,32.647,-115.919,15,A,14930844,102,1998
2/8/2011,28:41.5,le,3.47,l,37.232,-117.836,6.9,C,14931444,37,2024
2/9/2011,06:45.7,le,3.25,l,33.942,-120.622,5.8,C,14932212,39,1802
2/12/2011,30:43.7,le,3.62,l,33.704,-116.832,17.2,A,10891517,202,2057
2/13/2011,02:37.6,le,3.16,l,32.154,-115.279,13,B,10892245,23,1777
2/13/2011,25:09.5,le,4.08,l,32.171,-115.284,13.5,B,10892285,36,2129
2/14/2011,17:00.5,le,3.42,l,32.188,-115.288,6,C,10892325,28,1870
2/14/2011,32:47.4,le,3.11,l,32.168,-115.283,6.6,C,10892469,27,1767
2/17/2011,13:18.8,le,3.29,l,32.231,-115.309,3.6,B,10894053,19,1663
2/18/2011,35:19.9,le,3.67,l,31.899,-115.042,10,C,14937356,22,1833
2/18/2011,42:47.1,le,3.64,l,31.854,-115.014,7,C,14937364,15,2076
2/18/2011,47:35.8,le,5.07,w,32.047,-115.062,15,C,14937372,63,2078
2/18/2011,50:55.2,le,3.94,l,32.02,-115.04,10,C,10171182,15,2076
2/18/2011,52:03.9,le,3.82,l,32.1,-115.101,10,C,10171202,16,2076
2/19/2011,53:27.5,le,3.56,l,31.767,-114.921,10,C,14937572,19,324
2/19/2011,57:13.3,le,3.19,l,34.314,-118.721,8.7,A,14937740,99,1836
2/20/2011,34:40.0,le,4.5,w,32.047,-115.252,10,C,14937988,50,1974
2/24/2011,05:47.5,le,3.48,l,36.037,-118.355,1.4,A,14940932,47,2001
3/3/2011,17:35.9,le,3.42,l,34.468,-116.516,10.6,A,10902605,106,1960
3/5/2011,11:35.9,le,3.5,l,32.141,-115.352,10,C,10903717,72,1840
3/6/2011,32:32.8,le,3.01,l,32.822,-115.616,15.6,A,10903869,76,1869
3/7/2011,18:28.0,le,3.44,l,32.258,-115.354,10,C,10904685,46,1838
3/8/2011,46:38.0,le,3.11,l,32.572,-115.69,12.9,A,10905149,54,1867
3/9/2011,55:24.3,le,3.07,l,32.178,-115.281,10,C,10905661,31,1799
3/10/2011,56:24.8,le,3.15,l,36.008,-117.401,4.7,A,10906469,63,2037
3/11/2011,51:25.4,le,3.35,l,35.351,-118.561,5.4,A,10906781,92,2032
3/14/2011,30:03.5,le,3.63,l,31.986,-115.083,10,C,10908349,20,1865
3/15/2011,15:49.0,le,3.27,l,31.559,-117.108,6,C,10908773,17,1892
3/18/2011,17:42.9,le,3.28,l,32.175,-115.224,15.1,B,10910205,26,1852
3/22/2011,26:11.0,le,3.28,l,33.985,-118.813,1.8,A,10912365,90,2013
3/26/2011,01:35.0,le,3.52,l,32.23,-115.372,5.8,C,14957620,38,1905
3/27/2011,51:28.6,le,3.1,l,37.158,-117.383,3,D,36994399,20,1966
3/28/2011,25:21.8,le,3.26,l,32.254,-115.365,14.1,B,14958076,39,1860
3/28/2011,32:55.2,le,3.96,l,32.343,-115.176,15,C,14958300,67,2104
3/28/2011,56:12.0,le,3.42,l,33.187,-115.654,3.5,A,14958332,79,1951
3/29/2011,43:24.7,le,3.7,l,33.225,-116.757,11.3,A,14959236,205,2023
3/31/2011,22:55.7,le,4.35,l,32.339,-115.228,10.7,C,14960652,32,2125
3/31/2011,34:03.7,le,3.08,l,34.322,-116.838,2.9,A,14960740,144,2026
4/1/2011,07:44.0,le,3.15,l,32.64,-115.75,2.8,A,36995079,43,1902
4/3/2011,30:22.7,le,3.43,l,31.747,-116.134,17.6,C,14962180,20,1906
4/6/2011,00:17.8,le,3.53,l,31.146,-115.73,10,C,14963716,20,1803
4/7/2011,40:58.3,le,4.67,l,31.25,-115.563,10,C,14964084,35,2117
4/8/2011,34:31.3,le,3.32,l,32.633,-115.726,9.2,A,10921765,58,1899
4/9/2011,58:49.2,le,4.13,l,32.605,-115.724,9.4,B,10922333,84,2123
4/9/2011,42:28.2,le,3.11,l,32.632,-115.733,8.5,A,10922397,50,1905
4/9/2011,15:51.3,le,3.52,l,31.137,-115.746,10,C,10922413,25,1843
4/9/2011,33:16.4,le,3.01,l,31.179,-115.686,10,C,10922445,27,1167
4/11/2011,00:55.9,le,3.82,l,32.152,-115.245,6.1,C,10923517,28,1934
4/11/2011,03:17.4,le,3.82,l,31.206,-115.559,10,C,10923741,31,2117
4/11/2011,05:06.9,le,3.7,l,31.15,-115.66,10,C,10923749,27,1870
4/11/2011,36:36.2,le,3.9,l,31.107,-115.727,10,C,10923813,28,2117
4/11/2011,38:58.7,le,3.44,l,31.152,-115.644,12.7,C,10923829,23,1771
4/11/2011,39:21.3,le,3.31,l,31.196,-115.521,10,C,36995839,17,1676
4/11/2011,00:12.8,le,4.07,l,31.233,-115.508,10,C,10923853,32,2117
4/11/2011,01:43.8,le,3.78,l,31.182,-115.617,10,D,10923877,17,629
4/12/2011,32:18.6,le,3.16,l,31.16,-115.715,10,D,10924293,27,1246
4/12/2011,52:05.8,le,3.42,l,31.878,-114.828,10,D,10924461,25,1784
4/12/2011,01:50.9,le,3.8,l,31.232,-115.544,9,C,10924485,23,2104
4/13/2011,37:44.0,le,3.21,l,31.166,-115.715,10,C,10924765,20,1341
4/13/2011,53:43.8,le,3.01,l,32.069,-115.168,10,C,10924925,22,1681
4/14/2011,01:04.6,le,3.14,l,32.054,-115.248,12.6,C,10925269,26,1762
4/14/2011,35:38.3,le,3.09,l,31.17,-115.734,10,D,10925421,15,1660
4/15/2011,47:26.1,le,3.19,l,33.462,-116.445,5,A,10926085,124,1990
4/15/2011,48:56.4,le,3,l,33.462,-116.451,5.8,A,10926101,127,1969
4/15/2011,39:19.6,le,3.15,l,32.304,-115.338,16.9,C,10926517,31,1840
4/20/2011,41:57.7,le,3.4,l,31.17,-115.73,10,C,10929893,18,1725
4/21/2011,11:16.2,le,3.96,l,32.388,-115.551,10,C,10930061,66,2104
4/21/2011,25:06.8,le,3.67,l,31.184,-115.731,10,C,10930077,28,1855
4/21/2011,38:34.0,le,3.29,l,32.401,-115.549,10,C,10930101,36,1884
4/21/2011,39:24.6,le,3.63,l,32.378,-115.549,14.1,A,10930109,49,1924
4/21/2011,46:09.9,le,3.48,l,32.375,-115.546,12.2,B,10930133,50,1904
4/21/2011,47:13.2,le,3.05,l,32.397,-115.557,10,C,10930141,30,1538
4/22/2011,15:57.0,le,3.16,l,32.016,-114.944,10,C,10930749,19,1716
4/23/2011,49:29.8,le,3.59,l,33.021,-116.318,4.3,A,10931805,111,2017
4/26/2011,16:44.1,le,3.19,l,35.968,-117.647,3.6,A,10933157,97,2045
4/26/2011,55:26.1,le,3.24,l,35.958,-117.658,2.9,B,10933245,15,1938
5/2/2011,54:36.1,le,3.21,l,31.156,-115.73,7,D,14978116,25,1265
5/3/2011,41:49.8,le,4.45,l,36.395,-117.87,2.2,A,14978940,69,2125
5/4/2011,10:45.9,le,3.61,l,36.391,-117.87,2,A,10936853,59,2092
5/4/2011,11:09.6,le,3.54,l,36.399,-117.873,7.2,C,36998159,26,458
5/4/2011,55:46.0,le,3,l,36.386,-117.874,2,A,10937077,50,2003
5/5/2011,28:34.1,le,3.03,l,32.859,-116.242,8.9,A,14980204,122,1939
5/5/2011,47:36.0,le,3.56,l,32.046,-115.162,10,C,14980244,28,1870
5/12/2011,48:24.7,le,3.16,l,32.071,-114.977,10,D,14983932,12,354
5/13/2011,31:33.2,le,3.56,l,32.657,-115.79,13.5,A,14984324,83,1963
5/13/2011,38:07.7,le,3.05,l,35.349,-118.564,6.4,C,14984380,62,2053
5/13/2011,56:51.7,le,3.22,l,34.832,-116.378,4,A,14984468,122,2041
5/15/2011,07:55.8,le,3.35,l,35.144,-116.863,2.6,A,14985556,90,2054
5/20/2011,44:38.3,le,3.13,l,32.055,-115.188,10,C,14988492,15,330
5/21/2011,09:22.1,le,3.69,l,33.502,-119.118,15.3,A,14988780,75,2083
5/21/2011,05:49.1,le,3.15,l,31.899,-116.162,16.4,C,14989012,30,1870
5/24/2011,47:50.6,le,3.49,l,31.122,-115.794,11.1,C,14990508,22,365
5/25/2011,05:29.8,le,3.47,l,32.02,-115.205,10,C,14990764,29,1880
5/27/2011,37:40.3,le,3.84,l,32.147,-115.186,14.9,B,14992084,37,1935
5/27/2011,13:59.8,le,3.57,l,32.112,-115.177,13.8,B,14992148,36,1885
5/27/2011,17:24.7,le,3.8,l,34.222,-117.05,1,A,14992276,195,2082
6/2/2011,38:52.1,le,3.18,l,34.217,-116.753,3.3,A,14995068,160,2037
6/3/2011,45:24.0,le,3.11,l,33.636,-116.732,12.9,A,14995172,151,2019
6/4/2011,09:05.8,le,3.08,l,31.298,-115.668,3.1,D,14995716,20,221
6/5/2011,53:19.6,le,3.07,l,33.984,-116.562,12.5,A,14996388,50,2028
6/6/2011,09:10.6,le,3.4,l,33.915,-118.274,25,A,14996748,199,2058
6/7/2011,05:46.1,le,3.18,l,31.233,-115.755,0.1,D,14997396,16,1323
6/9/2011,22:12.4,le,4.42,l,32.663,-115.737,15.1,A,14998780,103,2117
6/10/2011,51:13.1,le,3.05,l,32.633,-115.737,4.4,A,14999460,49,1902
6/10/2011,28:03.9,le,3.14,l,32.214,-115.318,10,C,14999660,29,1871
6/10/2011,27:32.7,le,3.29,l,32.623,-115.749,10.9,A,14999780,125,1946
6/11/2011,17:48.2,le,3.53,l,33.623,-119.043,10.7,B,14999964,72,2118
6/11/2011,19:44.9,le,3.26,l,32.108,-115.159,10,C,15000164,8,1826
6/14/2011,25:40.6,le,3.6,l,33.69,-116.74,18.1,A,15001500,178,2103
6/15/2011,05:47.4,le,3.62,l,31.313,-115.868,10,D,10959565,12,1867
6/15/2011,29:05.7,le,4.32,l,31.149,-115.709,10,C,10959717,27,2105
6/17/2011,38:51.1,le,3.63,l,32.998,-116.352,7.8,B,10960933,91,2010
6/18/2011,58:22.6,le,3.31,l,34.511,-119.079,3,A,10961077,96,2073
6/18/2011,21:31.6,le,3.01,l,32.563,-115.666,13.9,A,10961109,40,1877
6/22/2011,00:27.2,le,3.1,l,32.076,-116.72,18.8,A,10962925,35,1884
6/22/2011,30:25.5,le,3.42,l,31.872,-114.931,10,C,10963133,17,1821
6/25/2011,36:10.9,le,3.27,l,35.923,-117.74,4.5,A,10964509,53,1777
6/26/2011,56:30.2,le,3.08,l,33.172,-115.651,1.4,A,10964829,62,1922
6/26/2011,07:57.1,le,3.17,l,32.293,-115.332,10,C,10964949,32,1872
7/2/2011,25:18.2,le,3.37,l,32.035,-115.086,10,D,15010796,7,1799
7/3/2011,00:30.3,le,3.28,l,32.164,-115.269,10,C,15011108,19,1848
7/4/2011,35:42.0,le,3.66,l,33.053,-117.983,6,C,15011732,24,2068
7/7/2011,22:25.5,le,3.36,l,35.388,-117.84,5.9,C,15013156,93,2117
7/10/2011,00:44.3,le,3.53,l,32.079,-115.237,10,C,15014764,9,1889
7/11/2011,58:54.0,le,4.11,l,32.801,-116.15,8.9,B,15014900,78,2144
7/11/2011,43:05.6,le,3.83,l,31.996,-115.265,10,D,15015172,8,1967
7/11/2011,22:52.6,le,3.1,l,32.224,-115.359,1.4,B,15015212,31,1810
7/13/2011,54:08.7,le,3.06,l,32.18,-115.26,10,C,15016292,16,1794
7/13/2011,16:11.9,le,3.27,l,31.895,-114.88,10,C,15016436,20,1746
7/15/2011,37:58.1,le,4.05,l,31.995,-115.13,10,C,15017828,18,1931
7/15/2011,59:38.8,le,3.5,l,32.096,-115.117,10,C,15017860,21,1874
7/15/2011,03:12.0,le,3.1,l,33.755,-116.934,15.2,A,15017980,139,2015
7/16/2011,29:20.4,le,3.7,l,32.06,-115.131,10,C,15018300,18,1888
7/16/2011,23:02.1,le,3.19,l,31.664,-115.957,7.2,C,15018764,40,1819
7/17/2011,18:31.1,le,3.39,l,34.582,-120.926,13.4,B,15019060,37,2015
7/18/2011,27:46.9,le,3.15,l,32.047,-115.119,14.5,B,15019748,48,1757
7/18/2011,40:33.7,le,4.31,l,31.817,-114.691,10,C,15020052,13,2141
7/20/2011,01:07.2,le,3.01,l,32.871,-115.506,15,C,15020804,46,1915
7/22/2011,08:35.9,le,3.86,l,32.797,-116.149,7.9,B,10979597,114,2057
7/22/2011,17:55.7,le,3,l,31.33,-115.427,6,C,10979685,9,1515
7/23/2011,36:40.3,le,3.16,l,33.87,-118.285,15.1,A,10980341,93,2073
7/25/2011,23:11.3,le,3.31,l,32.25,-115.344,0,C,10981357,19,1892
7/26/2011,42:13.3,le,3.09,l,33.481,-116.492,14.8,A,10982077,111,2080
7/28/2011,28:13.5,le,3.47,l,32.157,-115.262,10,C,10983197,31,1926
8/4/2011,33:15.8,le,3.06,l,31.181,-115.757,10,C,10987341,20,1571
8/7/2011,16:22.5,le,3.02,l,34.959,-119.082,3.7,A,10988853,100,2151
8/7/2011,25:24.6,le,3.18,l,33.632,-118.515,3.1,A,10989053,76,2162
8/9/2011,30:39.5,le,4.11,l,32.091,-116.37,11.3,A,10990213,88,2270
8/10/2011,00:35.6,le,3.03,l,32.738,-115.421,15,C,10990365,38,1925
8/10/2011,42:06.1,le,3.03,l,32.055,-115.237,10,C,10990485,31,300
8/17/2011,09:44.7,le,3.12,l,31.172,-115.68,10,C,10994405,14,1592
8/17/2011,05:44.2,le,3.15,l,31.157,-115.674,12.6,C,10994581,13,1658
8/18/2011,43:49.3,le,3.14,l,33.773,-118.146,19.6,A,10995205,99,2143
8/20/2011,10:34.3,le,3.66,l,32.166,-115.307,10,C,10995629,40,1984
8/21/2011,22:48.0,le,3.22,l,36.369,-117.838,2.3,A,10995917,57,2116
9/1/2011,02:47.5,le,3.25,l,31.816,-114.944,6,C,11000845,25,230
9/1/2011,47:08.0,le,4.24,l,34.339,-118.475,7.3,A,11001205,209,2213
9/3/2011,32:42.3,le,3.2,l,32.121,-115.217,10,C,11001981,30,1834
9/13/2011,18:09.4,le,4.03,l,32.081,-115.175,15,C,11005933,17,1868
9/14/2011,44:51.0,le,4.14,l,33.953,-117.076,16.9,A,11006189,167,2211
9/15/2011,56:41.5,le,3.47,l,33.633,-117.839,10.7,A,11006789,140,2142
9/21/2011,49:27.3,le,3.26,l,32.215,-115.447,6.2,C,11009917,26,1924
9/22/2011,19:08.9,le,3.79,l,36.111,-117.589,1.4,A,11010669,72,2172
9/23/2011,41:52.0,le,3.13,l,36.104,-117.587,2,A,11010989,55,2117
9/25/2011,23:35.3,le,3.32,l,34.496,-118.434,5.1,A,11012333,144,2161
9/26/2011,03:27.6,le,3.75,l,32.343,-115.251,3.8,B,11012957,34,2008
9/27/2011,17:40.2,le,3.1,l,34.31,-116.975,5.7,A,15056420,152,2144
10/5/2011,36:19.3,le,3.19,l,33.479,-116.454,14.7,A,15059420,158,2119
10/7/2011,10:10.6,le,3.99,l,36.943,-117.515,6,C,15060508,56,2218
10/8/2011,55:22.1,le,3.12,l,35.494,-118.398,2.8,A,15060820,96,2134
10/11/2011,12:02.4,le,3.44,l,34.72,-116.028,7.6,B,15061972,68,2179
10/11/2011,01:02.3,le,3.15,l,31.921,-116.112,6,C,15062060,21,1940
10/11/2011,25:27.3,le,3.06,l,32.655,-115.948,6.5,A,15062076,86,1964
10/13/2011,57:14.1,le,4.26,l,31.811,-116.016,6,C,15062948,38,2256
10/14/2011,28:52.4,le,3.64,l,32.537,-115.682,12.8,A,15063316,79,2086
10/15/2011,10:17.5,le,3.8,l,32.15,-115.287,11.7,B,15063580,35,2029
10/17/2011,33:11.9,le,3.06,l,32.997,-116.399,9.7,A,15064500,124,2044
10/17/2011,05:57.8,le,4.01,l,34.694,-116.293,1.1,A,15064556,148,2250
10/17/2011,25:34.3,le,3.54,l,34.693,-116.293,0.9,A,15064604,93,2170
10/21/2011,39:21.3,le,3.33,l,32.147,-115.278,0.9,B,11023197,34,1898
10/22/2011,32:59.4,le,3.01,l,32.996,-116.401,9.7,A,11024109,116,2034
10/25/2011,06:45.4,le,3.29,l,32.204,-115.352,5.6,C,11025061,21,1942
10/27/2011,40:41.9,le,3.34,l,32.349,-115.223,10,C,11026285,33,1926
11/1/2011,38:22.8,le,4.1,l,35.681,-117.62,7,B,15071220,168,2250
11/2/2011,28:08.0,le,3.32,l,31.917,-117.122,10,C,15071804,45,2036
11/4/2011,01:25.7,le,3.3,l,32.118,-115.243,5.7,C,15072204,16,1862
11/6/2011,28:13.8,le,3.06,l,31.709,-116.085,6,C,15072756,19,1829
11/6/2011,57:56.2,le,3.58,l,31.517,-114.329,10,C,15072972,12,138
11/8/2011,27:32.5,le,3,l,32.913,-116.358,11.1,A,15073692,152,2001
11/9/2011,22:40.9,le,3.36,l,31.835,-114.703,10,C,15074156,11,263
11/11/2011,06:19.2,le,3.26,l,32.217,-115.335,10,C,15074636,42,1906
11/12/2011,13:17.0,le,3.02,l,32.291,-115.507,5.6,C,15075140,34,1844
11/14/2011,59:18.1,le,3.04,l,33.97,-117.226,12,A,15075388,194,2107
11/15/2011,40:18.3,le,3.36,l,36.227,-118.319,3.8,A,15075572,60,2147
11/16/2011,59:59.1,le,3.06,l,32.115,-115.216,10,C,15076212,25,1824
11/18/2011,14:35.6,le,3.23,l,32.797,-116.15,5.6,C,15076996,113,2057
11/19/2011,00:50.3,le,3.21,l,32.219,-115.334,10,C,11034157,33,1927
11/19/2011,32:21.2,le,3.85,l,33.245,-116.265,9.9,A,11034469,192,2159
11/19/2011,32:34.0,le,3.33,l,33.246,-116.261,4.7,A,37011839,28,4270
11/21/2011,01:38.3,le,3.16,l,33.179,-115.606,1.9,A,11034853,89,2019
11/22/2011,39:43.5,le,3.08,l,33.468,-116.58,8.9,B,11035389,122,2072
11/23/2011,51:49.2,le,3.1,l,32.14,-115.238,10,C,11035837,31,1837
11/29/2011,56:09.0,le,3.33,l,33.633,-119.056,15.8,A,15080668,58,2168
12/2/2011,12:21.6,le,3.16,l,32.095,-115.185,10,C,15081996,34,1741
12/12/2011,20:39.5,le,3.06,l,32.123,-115.297,11.8,B,15085388,23,1833
12/20/2011,32:23.5,le,3.53,l,34.01,-117.588,4.4,A,15088052,216,2187
12/26/2011,32:20.4,le,3.16,l,34.007,-116.323,10.2,A,11046613,152,2123
12/30/2011,34:29.4,le,4.31,l,32.141,-115.297,10,C,11047933,18,2204
12/30/2011,50:12.3,le,3.07,l,32.135,-115.256,10,C,11047941,19,1800
12/31/2011,14:44.4,le,3.2,l,32.208,-115.337,10,C,11048237,33,1865
1/2/2012,11:29.9,le,3,l,31.696,-115.944,10,C,11049077,26,1801
1/3/2012,18:56.1,le,4.14,l,33.195,-119.449,18.4,B,11049285,31,2127
1/6/2012,47:51.1,le,3.08,l,34.002,-116.337,4.9,A,11050165,139,2118
1/6/2012,50:10.2,le,3.25,l,36.002,-117.908,6.3,A,11050245,63,2166
1/6/2012,58:54.0,le,3.47,l,33.731,-116.054,4.8,A,11050541,139,2157
1/8/2012,59:54.1,le,3.51,l,33.733,-116.057,6.7,A,11051197,139,2169
1/8/2012,19:59.7,le,3.14,l,32.123,-115.255,10,C,11051373,23,1847
1/15/2012,50:39.4,le,3.15,l,32.616,-115.749,3.3,A,15097500,59,2007
1/18/2012,31:42.4,le,4.19,l,32.461,-115.26,1.6,C,15098716,53,2253
1/28/2012,29:04.1,le,3.3,l,32.299,-115.294,12.1,C,15102380,35,1949
2/1/2012,05:05.8,le,3.4,l,32.923,-115.528,4.1,A,15104644,73,2093
2/4/2012,06:07.2,le,3,l,31.705,-115.984,7.8,C,11062829,26,1797
2/8/2012,30:47.7,le,3.32,l,33.358,-118.213,11.6,A,11064213,45,2228
2/11/2012,46:47.3,le,3,l,33.203,-115.552,0,A,11065613,89,2012
2/14/2012,09:28.4,le,4.87,w,32.199,-115.209,10,C,11066877,28,2282
2/14/2012,05:29.3,le,3.01,l,33.242,-116.252,5.6,C,11066957,150,2092
2/14/2012,35:55.6,le,3.47,l,32.127,-115.193,10,C,11067101,17,1956
2/16/2012,21:32.3,le,3.41,l,31.514,-115.572,10,C,11067757,21,1915
2/20/2012,37:26.0,le,3.01,l,33.212,-115.554,0.4,A,11069757,73,2029
2/26/2012,31:19.5,le,3.22,l,33.216,-115.555,0,A,15114473,77,2077
2/28/2012,15:32.7,le,3.46,l,33.896,-119.424,12.1,A,15115849,105,2215
2/29/2012,27:29.2,le,4.23,w,32.203,-115.282,10,C,15115905,53,2297
2/29/2012,47:17.0,le,3.34,l,32.192,-115.284,10,C,15116009,40,1971
2/29/2012,48:05.5,le,3.33,l,33.216,-115.556,1.4,A,15116089,67,2096
2/29/2012,01:39.1,le,3.16,l,33.209,-115.557,0.1,A,15116121,97,2042
2/29/2012,35:55.9,le,3.38,l,33.214,-115.561,2.5,A,15116321,92,2108
3/11/2012,42:24.2,le,3.17,l,31.876,-114.974,10,C,11078634,27,1784
3/15/2012,30:34.3,le,3.4,l,33.228,-116.097,13.8,A,11080146,169,2159
3/15/2012,31:23.2,le,3.27,l,33.229,-116.102,11.3,A,11080154,170,2142
3/19/2012,19:43.8,le,3.16,l,32.671,-115.709,9.2,A,11081386,81,2023
3/26/2012,02:15.5,le,3.07,l,32.046,-115.077,10,C,11084554,32,1779
3/26/2012,50:13.5,le,3.63,l,32.674,-115.704,8.9,A,11084594,56,2118
3/27/2012,30:33.4,le,3.42,l,34.152,-117.45,13.7,A,11085050,229,2242
3/28/2012,07:48.0,le,3.03,l,32.59,-115.687,10,C,11085218,64,1997
3/28/2012,09:53.5,le,3.31,l,33.007,-116.45,10.8,A,11085378,179,2151
3/30/2012,09:27.3,le,3.26,l,33.304,-116.879,15.1,A,11086258,169,2131
3/31/2012,15:09.5,le,3.02,l,34.006,-118.831,12.2,A,11086690,142,2143
4/1/2012,26:12.7,le,3,l,33.379,-116.853,8,A,11087194,169,2095
4/3/2012,15:37.4,le,3.52,l,33.858,-116.156,1.9,A,11088074,116,2140
4/4/2012,12:09.1,le,3.54,l,33.858,-116.157,2.4,A,11088434,133,2135
4/4/2012,59:13.7,le,3.01,l,32.615,-115.816,8.9,A,11088938,90,1959
4/8/2012,38:21.0,le,3.48,l,32.126,-115.183,10,C,11090274,39,1953
4/8/2012,59:42.5,le,3.23,l,32.655,-115.835,2,A,11090322,45,2028
4/8/2012,15:20.3,le,3.12,l,32.622,-115.816,9.9,A,11090394,77,1987
4/12/2012,53:01.3,le,3.52,l,33.464,-116.466,7.7,A,11092194,145,2133
4/17/2012,12:03.7,le,3.43,l,35.466,-119.348,24.8,A,15136241,96,2162
4/19/2012,46:04.3,le,3.04,l,33.794,-116.093,1.7,A,15137489,126,2078
4/22/2012,18:33.9,le,3.49,l,33.322,-116.402,7.3,A,15138681,182,2134
4/23/2012,37:02.3,le,3.93,l,33.502,-117.72,13.1,A,15139337,275,2178
4/24/2012,44:09.8,le,3.31,l,33.712,-116.84,18.1,A,15139881,158,2141
4/28/2012,07:28.0,le,3.82,w,34.234,-117.434,13.4,A,15141521,157,2349
4/28/2012,25:08.4,le,4.15,l,32.175,-115.28,10,C,15141665,31,2279
4/28/2012,24:37.0,le,3.02,l,32.218,-115.286,0,A,15141721,40,1912
5/1/2012,22:56.0,le,3.14,l,37.064,-117.947,0,A,15142793,61,2032
5/2/2012,10:09.9,le,3.3,l,32.421,-115.551,12.2,A,15143305,72,2030
5/8/2012,55:42.6,le,3.16,l,34.16,-116.424,8.1,A,11104354,147,2293
5/9/2012,18:09.0,le,3.6,l,32.166,-115.24,10,C,11104602,22,2092
5/9/2012,42:52.1,le,3.7,w,32.091,-115.716,5,C,11104642,41,2228
5/10/2012,24:38.2,le,3.7,l,32.158,-115.212,10,C,15147057,25,2114
5/11/2012,23:36.4,le,3.06,l,32.214,-115.31,10,C,15147393,20,1921
5/11/2012,19:32.3,le,3.9,l,32.093,-115.736,10,C,15147457,61,2238
5/13/2012,21:05.2,le,3.07,l,32.196,-115.279,10,C,15148241,39,1961
5/18/2012,37:12.0,le,3.61,l,33.319,-116.402,7.5,A,15150785,212,2255
5/18/2012,51:17.2,le,3.09,l,37.189,-118.109,2,B,15150969,51,2066
5/20/2012,21:09.1,le,3.52,l,32.247,-115.266,10,C,15152041,20,2092
5/21/2012,19:58.6,le,3.38,l,33.476,-116.487,15.5,A,15152625,142,2278
5/21/2012,47:07.3,le,3.61,l,34.963,-118.577,9.2,A,15152793,155,2332
5/22/2012,06:24.5,le,4.03,w,32.677,-115.703,8.9,A,15153497,92,2275
5/24/2012,45:27.4,le,3.17,l,34.947,-116.724,2,A,15154161,74,2298
5/27/2012,05:48.0,le,3.78,l,34.947,-116.722,6.8,A,15155281,124,2294
5/30/2012,14:00.8,le,3.98,l,33.692,-119.058,16.4,A,15156505,32,2379
5/31/2012,42:55.8,le,3.51,l,33.176,-118.833,5.3,C,15157065,30,2297
6/2/2012,55:38.5,le,3.14,l,32.113,-115.733,12.1,A,15158321,48,2022
6/8/2012,24:49.2,le,3.77,l,32.11,-115.735,12.5,A,15162145,78,2191
6/9/2012,41:52.5,le,3.02,l,32.104,-115.724,11.6,A,15162377,47,1970
6/10/2012,33:58.9,le,3.07,l,34.952,-116.722,1.8,A,15162585,99,2241
6/10/2012,45:42.9,le,4.02,l,32.105,-115.735,11.3,A,15162881,91,2198
6/11/2012,46:24.7,le,3.18,l,32.107,-115.741,12.4,A,15163313,39,2057
6/14/2012,17:15.7,le,3.99,l,33.908,-117.792,9.8,A,15164105,276,2400
6/14/2012,56:39.9,le,3.05,l,32.281,-115.363,10,C,15164393,42,1971
6/14/2012,25:34.7,le,3,l,32.109,-115.726,11.3,C,15164409,41,1983
6/16/2012,35:18.3,le,3.77,l,31.555,-115.909,10,C,15165353,40,2174
6/19/2012,01:38.4,le,3.25,l,33.075,-116.046,9.9,A,15166225,140,2228
6/26/2012,22:20.4,le,3.31,l,34.062,-116.366,7.3,A,11127274,160,2311
6/26/2012,34:03.8,le,3.12,l,32.217,-115.281,8.3,C,11127410,41,2054
7/1/2012,25:20.4,le,4.64,w,32.207,-115.343,3.2,C,11129826,18,611
7/1/2012,33:47.2,le,3.52,l,32.203,-115.322,10,C,11129834,15,2132
7/1/2012,52:40.8,le,3.45,l,32.219,-115.301,10,C,11129882,35,2107
7/1/2012,36:06.3,le,4.65,w,32.213,-115.289,10,C,11129914,16,2419
7/1/2012,49:58.2,le,3.52,l,32.199,-115.273,10,C,11129930,20,2099
7/1/2012,54:20.5,le,4.08,w,32.186,-115.267,10,C,11129994,21,2419
7/4/2012,04:43.6,le,3.36,l,33.378,-116.301,14.2,A,11131698,166,2286
7/5/2012,18:09.5,le,3.51,l,34.304,-116.841,7.3,A,11132314,216,2286
7/7/2012,49:08.7,le,3.3,l,32.17,-115.224,12.9,B,11133122,29,1984
7/7/2012,06:12.7,le,3.27,l,33.866,-119.31,0.1,A,11133322,113,2301
7/8/2012,50:03.1,le,3.27,l,33.961,-116.132,6.9,A,11133514,170,2202
7/10/2012,37:40.3,le,3.06,l,32.201,-115.3,10,C,11134282,34,1982
7/12/2012,49:44.8,le,3.35,l,32.196,-115.288,10,C,11135186,45,2074
7/12/2012,54:28.8,le,3.86,l,34.09,-116.391,10.8,A,11135362,168,2335
7/15/2012,44:55.2,le,3.07,l,31.696,-115.945,10,C,15178641,36,1941
7/18/2012,17:24.7,le,3.12,l,32.218,-115.273,18.7,B,15179873,23,612
7/18/2012,58:34.1,le,3.73,l,32.153,-115.222,18.3,B,15179889,22,562
7/18/2012,20:43.7,le,3.37,l,32.15,-115.216,17.8,B,15179897,23,568
7/18/2012,09:16.0,le,3.69,l,32.191,-115.241,13.8,B,15179985,21,2142
7/18/2012,11:46.0,le,3.07,l,32.178,-115.25,13.8,A,15179993,21,2073
7/19/2012,23:06.8,le,3.12,l,34.209,-117.555,12.3,A,15180441,199,2329
7/21/2012,57:26.0,le,3.22,l,32.1,-115.183,15,C,15181369,22,1966
7/22/2012,00:37.7,le,3.17,l,34.089,-116.392,10.8,A,15181601,140,1706
7/22/2012,02:20.9,le,3.16,l,31.534,-114.327,6,C,15181697,8,1878
7/25/2012,18:41.9,le,3.74,l,33.964,-118.407,10.8,A,15182841,180,1701
8/3/2012,05:31.8,le,3.33,l,32.786,-115.45,11.8,A,15187057,96,2181
8/8/2012,23:34.2,le,4.46,l,33.905,-117.792,10.1,A,15189073,345,2435
8/8/2012,33:22.0,le,4.45,l,33.904,-117.791,10.4,A,15189281,246,2445
8/8/2012,51:04.3,le,3.36,l,33.901,-117.789,9.5,A,15189321,231,2373
8/11/2012,33:03.6,le,3.43,l,33.828,-118.571,8.4,A,15190937,183,2374
8/12/2012,22:03.8,le,3.49,l,32.109,-115.1,10,C,15191201,39,2150
8/13/2012,03:47.9,le,3.54,l,35.955,-117.669,2.3,A,15191649,65,2361
8/19/2012,43:46.3,le,3.4,l,33.167,-115.98,8.5,A,15194825,150,2263
8/21/2012,40:14.3,le,3.03,l,34.255,-117.073,3.6,A,15195785,183,2351
8/21/2012,58:09.7,le,3.25,l,32.2,-115.213,15.3,C,15196129,25,2067
8/24/2012,12:18.3,le,3.3,h,34.824,-120.97,6,C,15197817,39,2095
8/25/2012,27:54.7,le,3,l,36.459,-117.878,12.2,A,15198281,64,2153
8/26/2012,53:13.9,le,3.31,l,33.871,-116.197,8.4,A,15198697,132,2312
8/26/2012,02:12.8,le,3.81,l,33.009,-115.552,9.4,A,15198929,41,2295
8/26/2012,16:02.1,le,3.25,l,33.013,-115.549,9.8,A,15199065,41,2183
8/26/2012,58:12.2,le,3.03,l,33.014,-115.544,10.3,A,15199441,72,2089
8/26/2012,16:11.5,le,3.95,l,33.017,-115.548,9.2,A,15199577,57,2312
8/26/2012,20:04.8,le,4.59,w,33.016,-115.536,4.7,A,15199593,27,2386
8/26/2012,21:04.5,le,3.87,l,33.001,-115.566,4,A,15199601,56,2387
8/26/2012,28:45.2,le,3.4,l,33.004,-115.566,4.2,A,15199657,55,2229
8/26/2012,31:23.0,le,5.32,w,33.017,-115.554,8.3,A,15199681,94,2399
8/26/2012,33:01.1,le,4.89,w,33.014,-115.559,4.3,A,15199689,56,2403
8/26/2012,33:59.5,le,3.5,h,33.003,-115.576,1.7,A,37089323,16,2245
8/26/2012,35:51.8,le,3.36,l,33.002,-115.514,6.5,A,15199697,31,2239
8/26/2012,40:12.9,le,4.33,w,32.987,-115.597,9.7,A,15199721,62,2368
8/26/2012,43:41.2,le,3.15,l,33.023,-115.542,4.2,A,15199729,40,2149
8/26/2012,45:55.5,le,3.09,l,32.998,-115.565,10,A,15199745,34,2113
8/26/2012,50:14.8,le,3.44,l,33.001,-115.583,8.5,A,15199785,44,2137
8/26/2012,58:17.3,le,3.56,l,33.021,-115.544,8.8,A,15199865,55,2157
8/26/2012,16:54.2,le,3.51,l,33.008,-115.564,4.6,A,15200001,35,2178
8/26/2012,20:24.6,le,3.48,l,33.02,-115.546,3.8,A,15200033,49,2165
8/26/2012,31:13.4,le,3.09,l,33.019,-115.55,4.1,A,15200161,46,2097
8/26/2012,57:58.2,le,5.44,w,33.019,-115.54,8.2,A,15200401,56,2414
8/26/2012,05:11.6,le,3.18,l,33.025,-115.537,4,A,15200417,39,2156
8/26/2012,08:45.4,le,3.41,l,32.996,-115.596,11.9,A,15200449,48,2236
8/26/2012,15:29.2,le,4.25,l,33.037,-115.535,4.7,A,15200489,55,2363
8/26/2012,15:56.6,le,3.3,h,33.029,-115.522,3.5,B,37094291,10,2226
8/26/2012,17:26.7,le,3.94,l,32.98,-115.608,8.9,A,15200513,77,2231
8/26/2012,17:59.0,le,3,l,32.997,-115.546,8.6,A,37090299,16,2175
8/26/2012,23:23.9,le,3.59,l,32.991,-115.581,4.2,A,15200593,35,2204
8/26/2012,26:39.8,le,3.77,l,33.029,-115.532,7.8,A,15200601,49,2208
8/26/2012,46:11.8,le,3.08,l,32.986,-115.582,4.1,A,15200753,38,2123
8/26/2012,54:16.5,le,3.04,l,32.989,-115.579,3.7,A,15200817,26,2068
8/26/2012,06:28.7,le,3.39,l,33.015,-115.544,4,A,15200921,59,2153
8/26/2012,34:45.7,le,3.48,l,32.992,-115.591,7.1,A,15201145,49,2218
8/26/2012,52:09.5,le,3.38,l,32.994,-115.589,13,A,15201241,50,1917
8/26/2012,53:35.5,le,3.21,l,33.014,-115.55,10.2,A,15201249,51,2181
8/26/2012,58:41.9,le,4.31,w,32.988,-115.588,4.7,A,15201297,52,2353
8/26/2012,33:25.1,le,4.61,w,33.028,-115.531,7.4,A,15201537,98,2416
8/26/2012,34:50.7,le,3.2,l,33.003,-115.537,9.1,A,15201545,24,2429
8/26/2012,36:58.0,le,3.16,l,33.043,-115.531,4.6,A,15201553,40,2198
8/26/2012,53:14.9,le,3.25,l,33.025,-115.534,10.8,A,15201617,47,2180
8/27/2012,58:44.9,le,3.38,l,32.992,-115.579,4.1,A,15201961,40,2196
8/27/2012,53:15.1,le,3.14,l,32.975,-115.609,10.1,A,15202401,48,2150
8/27/2012,03:33.3,le,3.07,l,32.986,-115.588,8.2,A,15202465,50,2108
8/27/2012,41:37.0,le,4.9,w,33.021,-115.519,4.1,A,15202921,47,2438
8/27/2012,09:05.1,le,3.31,l,33.055,-115.542,8.7,A,15203033,64,2269
8/27/2012,31:28.8,le,3.42,l,33.044,-115.53,4.7,A,15203249,43,2210
8/27/2012,33:48.3,le,3.31,l,36.009,-118.402,5,A,15204137,81,2306
8/27/2012,47:51.5,le,3.77,l,33.006,-115.57,4.5,A,15204369,52,2260
8/28/2012,01:19.9,le,4.22,w,33.004,-115.569,4.4,A,15204969,52,2411
8/28/2012,54:15.5,le,3.52,l,32.973,-115.611,9.8,A,15205377,56,2216
8/28/2012,36:18.3,le,3.25,l,36.013,-118.399,5.2,C,15205449,80,2258
8/28/2012,05:30.3,le,3.34,l,32.657,-115.935,9.5,A,15206065,73,2173
8/28/2012,28:32.7,le,3.25,l,36.006,-118.4,5,C,15206089,57,2231
8/29/2012,34:35.4,le,3.27,l,35.844,-117.778,9.4,A,15206465,76,2330
8/29/2012,01:50.0,le,3.47,l,36.011,-118.403,4.5,A,15207025,72,2365
8/29/2012,31:00.3,le,4.13,l,33.906,-117.788,9.2,A,15207433,200,2519
8/31/2012,56:02.7,le,3.45,l,33.017,-115.538,10.3,A,15208857,51,2243
9/1/2012,27:55.4,le,3.18,l,31.927,-114.882,10,C,15209553,36,1990
9/2/2012,28:34.7,le,3.43,l,32.121,-115.169,10,C,15209801,18,2055
9/3/2012,26:55.9,le,3.2,l,34.068,-118.391,2.4,A,15210193,106,2362
9/7/2012,03:10.0,le,3.4,l,34.066,-118.398,1.5,A,15211897,118,2371
9/10/2012,44:42.7,le,3.25,l,33.28,-115.713,3.4,A,15213465,103,2209
9/18/2012,09:39.7,le,3.02,l,33.694,-116.737,20.3,A,15217865,170,2317
9/24/2012,55:13.7,le,4.04,l,31.873,-114.995,10,C,15220393,25,578
9/25/2012,02:04.6,le,3.12,l,33.159,-115.641,4,A,15220681,66,2157
9/25/2012,07:00.0,le,3.15,l,31.828,-115.003,10,C,15221049,21,1890
9/26/2012,48:35.7,le,3.01,l,31.836,-115.042,10,C,15221505,16,1812
9/27/2012,36:34.1,le,3.19,l,36.89,-117.414,7.5,A,15221713,38,2186
9/28/2012,27:31.0,le,3.75,l,32.281,-115.266,10,C,15222209,48,2191
9/28/2012,21:02.0,le,3.02,l,32.217,-115.249,10,C,15222329,32,1970
9/29/2012,13:31.8,le,3.17,l,32.206,-115.213,10,C,15222625,34,1992
10/2/2012,20:53.1,le,3.14,l,36.22,-118.318,5.5,A,15223249,59,2240
10/2/2012,28:15.0,le,4.13,w,32.805,-116.144,10.5,A,15223417,287,2444
10/5/2012,17:21.8,le,3.47,l,35.928,-117.68,2.7,A,15224969,81,2372
10/8/2012,39:08.3,le,4.16,l,33.012,-116.311,11.4,A,15226257,177,2456
10/8/2012,07:10.8,le,3.38,l,32.218,-115.228,19.2,B,15226417,24,2063
10/9/2012,00:02.2,le,3.35,l,33.71,-117.349,13.4,A,15227017,249,2371
10/14/2012,43:13.9,le,3,l,32.411,-115.224,8.9,B,15230145,35,1997
10/19/2012,51:56.2,le,4.01,w,32.18,-115.21,10,C,15232441,15,3141
10/21/2012,47:35.2,le,3.21,l,31.301,-115.584,10,C,15233409,16,1875
10/28/2012,47:03.0,le,3.87,l,33.692,-116.813,19.4,A,15237073,230,2465
10/28/2012,24:23.4,le,3.86,l,34.351,-118.458,3.6,A,15237281,236,2468
10/29/2012,10:39.9,le,3.01,l,32.182,-115.187,0.1,B,15238065,64,330
11/6/2012,39:15.7,le,3.25,l,33.889,-118.56,11.3,A,15241697,150,2409
11/6/2012,12:34.4,le,3.56,l,31.541,-115.637,6,C,15241817,8,2107
11/9/2012,39:10.7,le,3.2,l,34.339,-118.484,1.1,A,15243105,137,2423
11/26/2012,33:50.7,le,3.57,l,33.004,-116.235,6.2,A,11208786,138,2237
11/27/2012,58:32.4,le,3.41,l,34.368,-117.179,7.6,A,11209170,289,2436
11/27/2012,03:55.1,le,3.03,l,34.553,-120.182,3.2,A,11209466,45,2197
11/30/2012,19:47.6,le,3.17,l,33.732,-118.816,1.8,A,15252729,80,2402
11/30/2012,40:03.3,le,3.69,l,36.091,-117.847,2.6,A,15252921,92,2404
12/2/2012,20:34.9,le,3.64,l,36.09,-117.845,2.8,A,15254617,78,2400
12/3/2012,45:15.5,le,3.01,l,32.16,-115.32,10,C,15255361,15,1970
12/4/2012,36:16.5,le,3.03,l,33.894,-119.346,0,A,15256089,76,2339
12/11/2012,47:34.1,le,3.61,l,31.675,-115.964,5,B,15262449,49,2246
12/14/2012,34:39.6,le,3.49,l,33.884,-115.988,5.1,B,15263993,133,2402
12/15/2012,13:24.4,le,3.6,l,32.789,-115.548,12.4,A,15264345,50,2265
12/20/2012,46:09.8,le,3.27,l,31.776,-114.865,10,C,15266369,7,1917
12/22/2012,37:45.1,le,4.02,l,32.997,-116.239,7.8,A,15267105,169,2404
12/24/2012,04:57.0,le,3.64,l,32.325,-115.238,10.6,C,15267601,23,2252
12/30/2012,52:35.1,le,3.45,l,36.152,-118.061,1.5,A,15268969,52,2372
1/5/2013,39:09.4,le,3.59,l,32.335,-115.317,10,C,15270393,47,2233
1/16/2013,56:33.5,le,3.16,l,32.26,-115.334,14.9,B,15273705,47,2074
1/16/2013,25:40.7,le,3.59,l,35.487,-118.288,5.5,A,15273833,128,2469
1/17/2013,10:02.5,le,3.05,l,34.008,-117.13,13.9,A,15274169,198,2444
1/20/2013,13:54.0,le,3.2,l,32.204,-115.275,10,C,15275633,19,2044
1/21/2013,25:57.6,le,3.28,l,34.786,-119.481,13.3,A,15275793,99,2384
1/23/2013,28:36.5,le,3.12,l,32.921,-117.498,15.4,A,15276817,91,2372
1/30/2013,21:22.7,le,3.02,l,32.166,-116.023,3.4,C,15278929,55,2102
1/30/2013,52:09.6,le,3.19,l,31.695,-114.552,10,C,15279217,5,110
2/5/2013,07:50.0,le,3.09,l,32.161,-115.211,18.7,A,15281473,31,1960
2/12/2013,27:48.4,le,3,l,34.781,-118.629,9.5,A,11243394,110,2396
2/13/2013,17:39.7,le,3.04,l,38.06,-118.096,6,C,11243594,22,1314
2/13/2013,38:00.9,le,3.48,l,38.091,-118.073,6,C,11243898,18,1826
2/13/2013,35:44.2,le,3.11,l,32.219,-115.283,10,C,11244018,20,2070
2/13/2013,20:16.5,le,3.75,l,38.076,-118.049,6,C,11244306,29,2129
2/14/2013,40:57.1,le,3,l,34.784,-118.629,4.8,A,11244474,207,2396
2/17/2013,04:53.1,le,3.36,l,33.014,-116.311,11,A,11245850,189,2375
2/21/2013,57:39.9,le,3.63,l,33.232,-116.056,9.8,A,11247690,154,2435
2/23/2013,40:14.6,le,3.96,l,32.132,-117.689,10,C,11248258,19,2543
2/26/2013,18:50.0,le,3.56,l,34.02,-117.221,16.3,A,11249474,277,2483
3/1/2013,44:08.2,le,3.13,l,32.688,-115.825,10.3,A,11250650,123,2226
3/1/2013,55:27.6,le,4.14,w,35.83,-116.8,8.4,A,15292545,109,2340
3/4/2013,17:40.7,le,3.47,l,34.033,-117.247,16.2,A,15293905,260,2447
3/11/2013,56:06.0,le,4.7,h,33.502,-116.457,13.1,A,15296281,141,2419
3/11/2013,56:57.8,le,3,l,33.508,-116.448,14.5,A,15296289,30,2418
3/13/2013,21:13.7,le,3.42,l,33.513,-116.475,11.8,A,15302289,177,2449
3/22/2013,12:35.0,le,3.36,l,32.602,-115.718,12.7,A,15311873,114,2283
3/27/2013,44:43.7,le,3.26,l,31.994,-116.273,15.4,C,11273218,55,2196
3/27/2013,50:29.1,le,3.41,l,33.495,-116.445,8.5,A,11273498,173,2423
3/27/2013,16:59.9,le,3.68,l,33.495,-116.443,8.8,A,11273634,121,2468
4/7/2013,14:03.0,le,3.49,l,33.802,-116.093,3.8,A,11281370,184,2454
4/7/2013,45:18.1,le,3.22,l,34.712,-116.287,1.7,A,11281434,99,2388
4/15/2013,21:18.1,le,3.11,l,35.491,-118.394,9.4,A,11285426,115,2393
4/17/2013,57:58.1,le,4.08,w,32.24,-115.27,10,C,11286130,49,2511
4/20/2013,55:15.1,le,3.11,l,32.305,-115.226,11.7,C,15330097,19,2122
4/20/2013,55:31.0,le,3.5,l,32.295,-115.205,7.2,B,37111996,18,2161
4/23/2013,58:11.8,le,3.19,l,32.338,-115.332,9.1,A,15331489,19,2116
4/25/2013,59:44.0,le,3.08,l,33.646,-116.74,16.9,A,15332633,153,2404
4/27/2013,52:18.1,le,3.14,l,33.958,-118.418,11.9,A,15333497,154,2428
4/29/2013,32:09.3,le,3.03,l,33.155,-115.642,1.5,A,15334809,64,2161
4/30/2013,10:20.4,le,3.27,l,32.194,-115.184,21.8,C,15335545,27,2090
5/1/2013,56:02.0,le,3.17,l,36.174,-117.854,0.9,A,15335745,73,2296
5/3/2013,57:53.2,le,3.23,l,33.981,-118.782,13,A,15336729,134,2449
5/3/2013,42:23.9,le,3.37,l,32.103,-115.092,10,C,15336761,39,2108
5/6/2013,40:07.9,le,3.07,l,32.177,-115.197,15.7,C,15338553,29,1954
5/7/2013,06:09.1,le,3.63,l,34.479,-119.311,13.4,A,15338761,172,2514
5/15/2013,20:05.1,le,3.12,l,33.98,-116.767,17.9,A,15343017,185,2471
5/15/2013,00:06.2,le,4.08,w,33.658,-118.372,1.2,A,15343145,78,2408
5/16/2013,24:27.2,le,3.03,l,32.249,-115.243,17.8,A,15343449,36,370
5/16/2013,04:58.0,le,3.18,l,34.858,-119.239,12.7,A,15343601,90,2442
5/17/2013,07:52.3,le,3.54,l,33.203,-115.55,1.9,A,15344465,57,2368
5/17/2013,38:13.7,le,3.07,l,33.212,-115.552,1.8,A,15344585,26,2220
5/17/2013,39:50.8,le,3,l,31.821,-115.013,10,C,15344689,14,117
5/18/2013,41:02.3,le,3.24,l,33.583,-118.379,0.3,A,15345393,161,2476
5/20/2013,38:34.2,le,3.02,l,31.864,-114.939,2,C,15346201,29,116
5/21/2013,32:32.1,le,3.59,l,31.588,-116.128,15.2,C,15346793,55,2241
5/23/2013,54:04.7,le,3.02,l,32.282,-115.323,1,B,15347865,30,353
5/23/2013,23:15.0,le,3.2,l,32.259,-115.307,10,C,15347969,32,2104
5/26/2013,58:30.9,le,3.29,l,35.158,-116.838,1.8,A,15349113,75,2435
5/29/2013,38:03.3,le,4.8,w,34.413,-119.926,8,A,15350729,39,2500
5/30/2013,19:02.1,le,3.11,l,34.42,-119.934,10.6,A,15351401,75,2285
5/31/2013,24:52.3,le,3.09,l,33.686,-119.13,10.7,C,15352009,122,2398
6/1/2013,06:01.3,le,3.17,l,36.213,-117.911,0.8,A,15352569,66,2280
6/3/2013,43:34.6,le,3.05,l,33.233,-115.625,1.9,A,15353321,54,1022
6/3/2013,04:10.2,le,3.92,l,33.232,-115.625,2.4,A,15353521,70,2414
6/4/2013,46:40.7,le,3.58,l,33.209,-115.555,1.8,A,15354321,49,2361
6/4/2013,24:28.7,le,3.05,l,33.207,-115.553,2.5,A,15354537,56,2197
6/7/2013,48:46.2,le,3.58,l,32.228,-115.321,3.3,C,15356121,55,2231
6/10/2013,50:12.7,le,3.17,l,32.218,-115.293,12.9,B,15357721,41,2072
6/15/2013,22:24.5,le,3.07,l,32.173,-115.185,14.7,B,11319146,23,357
6/19/2013,11:50.8,le,3.09,l,34.009,-117.172,4.4,A,11321730,236,2428
6/24/2013,17:49.9,le,3,l,32.139,-115.207,0.1,D,11325058,32,374
6/24/2013,09:33.2,le,3.03,l,33.739,-115.945,0,A,11325466,122,2182
6/26/2013,48:14.2,le,3.19,l,32.248,-115.303,14.9,B,11326354,49,2055
6/28/2013,45:48.0,le,3.41,l,33.624,-116.696,15.6,A,11327386,158,2250
6/29/2013,25:06.9,le,3.29,l,33.249,-116.005,1.8,A,11328074,183,2217
7/12/2013,06:16.9,le,3.22,l,31.835,-114.906,21.3,A,11333418,20,1832
7/12/2013,33:11.3,le,3.2,l,32.124,-115.258,18.1,B,11333434,33,1980
7/18/2013,49:40.9,le,3.23,l,31.932,-115.006,10,C,11336338,17,1957
7/22/2013,59:48.0,le,3.19,l,33.942,-116.736,18.3,A,11337786,197,2332
7/24/2013,46:02.6,le,4.29,l,35.486,-118.287,6.6,A,11339042,124,2459
7/26/2013,00:47.3,le,3.05,l,32.972,-115.88,8.5,A,11339938,74,2168
7/27/2013,41:55.5,le,3.08,l,32.091,-115.022,10,C,11340186,20,193
7/28/2013,31:43.8,le,3.18,l,35.482,-118.288,3.5,A,11340658,79,2364
8/4/2013,30:55.1,le,3.91,l,36.14,-118.066,0,A,11344050,67,2466
8/10/2013,09:18.3,le,3.92,l,32.877,-116.255,5.4,A,11347826,214,2467
8/10/2013,10:09.0,le,3.76,l,32.88,-116.256,9.1,A,11347834,104,2462
8/10/2013,33:00.1,le,3.26,l,32.88,-116.254,5.6,A,11347906,89,2317
8/12/2013,32:35.0,le,3.75,l,36.022,-117.776,1.4,A,11348882,88,2407
8/16/2013,53:36.6,le,3.21,l,33.185,-115.973,2.5,A,11351394,111,2262
8/16/2013,40:25.9,le,3.32,l,35.482,-118.287,5.1,B,11351498,96,2390
8/16/2013,45:13.4,le,3.06,l,32.146,-115.242,13.7,B,11351586,14,291
8/20/2013,11:54.5,le,3.09,l,35.482,-118.287,2.5,A,15394377,83,2259
8/22/2013,29:23.3,le,3.59,l,33.432,-117.089,7.5,A,15395521,146,2244
8/23/2013,08:25.0,le,3.26,l,31.669,-116.063,1.1,B,15395737,21,1364
8/24/2013,16:31.0,le,4.06,w,34.567,-120.957,3.2,C,15396097,44,2328
8/24/2013,25:52.3,le,3.01,l,34.011,-116.627,10.2,A,15396409,191,2185
8/25/2013,50:28.7,le,4.2,w,35.48,-118.285,2.3,A,15396881,120,2312
8/25/2013,59:18.9,le,3.6,l,35.479,-118.288,3.5,A,15396897,104,2270
8/27/2013,56:58.4,le,3.34,l,32.255,-115.304,13.6,B,15397857,37,2035
9/3/2013,26:28.7,le,3.06,l,31.732,-115.043,10,C,15400937,27,1722
9/4/2013,04:54.0,le,3.22,l,33.292,-116.422,14.5,A,11359338,208,2352
9/5/2013,06:05.4,le,3.13,l,31.741,-114.992,4.5,C,11360114,30,1771
9/10/2013,49:58.8,le,3.16,l,35.764,-117.604,10.4,A,11362618,75,2420
9/14/2013,25:36.4,le,4.08,w,32.411,-115.215,10,C,11364370,65,2336
9/18/2013,53:36.1,le,3.22,l,32.879,-116.253,4.7,A,11366154,106,2295
9/19/2013,43:55.9,le,3.68,l,34.082,-117.785,2.9,A,11366538,226,2479
9/19/2013,06:33.5,le,3.75,l,34.082,-117.784,3.6,A,11366562,230,2503
9/20/2013,10:43.4,le,3.8,l,33.341,-116.391,13.7,A,11366994,162,2457
9/20/2013,05:46.3,le,3.19,l,32.255,-115.254,15.9,C,11367474,33,2030
9/22/2013,10:10.5,le,3.43,l,33.461,-116.603,13.5,A,11368274,232,2427
9/24/2013,09:55.2,le,3.12,l,32.128,-115.131,10,C,11369546,34,1995
9/29/2013,36:16.5,le,3.29,l,32.897,-116.275,1.8,A,11371058,152,2310
9/29/2013,41:31.7,le,3.58,l,32.899,-116.281,2.7,A,11371154,197,2331
9/30/2013,23:28.5,le,3.71,l,32.874,-115.995,9.4,A,11371586,142,2368
10/2/2013,28:08.0,le,3,l,32.147,-117.607,12,C,11372194,43,2142
10/2/2013,12:43.4,le,3.23,l,32.143,-117.602,20.8,C,11372242,28,2195
10/4/2013,55:23.7,le,3,l,33.8,-117.684,6.7,A,11372874,164,2236
10/6/2013,06:21.9,le,4.28,l,34.709,-116.294,1.9,A,11373458,116,2330
10/6/2013,41:51.4,le,3.64,l,34.711,-116.295,2.4,A,11373818,122,2251
10/9/2013,18:03.1,le,3.03,l,32.324,-115.3,11.8,C,11375090,46,1943
10/10/2013,34:23.2,le,3.4,l,35.659,-118.472,10.6,A,11375690,99,2281
10/14/2013,38:23.9,le,3.61,l,33.202,-115.676,1.5,A,11377978,37,2231
10/14/2013,39:20.0,le,3,l,33.204,-115.677,0.9,A,11377986,39,2243
10/15/2013,07:06.3,le,3.17,l,36.152,-118.068,3.6,A,11378394,76,2275
10/20/2013,00:09.0,le,3.65,l,32.386,-115.163,17.7,B,11381170,37,2172
10/23/2013,17:09.8,le,3.09,l,32.198,-115.249,15,C,11382378,33,1989
10/28/2013,15:09.9,le,3.77,l,32.202,-115.197,20,B,11384370,46,2175
10/28/2013,32:06.4,le,3.01,l,32.215,-115.242,13.7,A,11384530,31,276
11/2/2013,23:10.8,le,3.19,l,34.708,-116.292,1.5,A,11386842,124,2378
11/7/2013,19:09.8,le,3.53,l,32.279,-115.306,14.9,A,11388610,49,2189
11/11/2013,29:20.6,le,3.09,l,34.018,-117.234,17,A,11390322,179,2403
11/19/2013,10:52.8,le,3.14,l,32.705,-118.271,21.1,A,11392898,104,2368
11/20/2013,31:24.0,le,3.03,l,32.161,-115.159,18.4,B,11393506,42,1944
11/30/2013,36:35.8,le,3.19,l,33.001,-116.457,9.6,A,11397026,154,2284
11/30/2013,10:13.2,le,3.16,l,33.002,-116.457,8.4,A,11397090,175,2247
12/5/2013,15:04.5,le,3.19,l,36.138,-118.064,1.7,A,15441265,72,2247
12/21/2013,35:10.7,le,3.28,l,31.535,-115.526,15.3,C,15446169,25,1926
12/22/2013,57:29.0,le,3.36,l,32.246,-115.319,12.8,B,15446921,51,2042
12/23/2013,39:26.3,le,4.3,w,36.141,-118.065,2.1,A,15447161,54,2438
12/23/2013,01:30.9,le,3.4,l,36.14,-118.069,1.3,A,15447217,58,2315
12/23/2013,03:50.1,le,3.11,l,36.142,-118.067,1.1,A,15447473,60,2252
12/23/2013,36:32.1,le,3.02,l,36.138,-118.057,1,A,15447513,63,2186
12/23/2013,56:01.7,le,3.31,l,36.144,-118.069,0.4,A,15447537,71,2279
12/25/2013,00:52.4,le,3.27,l,36.228,-118.33,4.8,A,11405530,67,2270
12/26/2013,18:19.6,le,4.09,l,32.401,-116.265,15,C,11405954,87,2429
12/28/2013,05:57.3,le,3.05,l,32.163,-115.214,12.3,B,11406722,13,1874
12/30/2013,32:35.1,le,3.3,l,33.388,-116.332,10.9,A,11407610,109,2283
12/30/2013,44:21.4,le,3.63,l,33.7,-116.733,19.6,A,11407682,148,2349
12/31/2013,21:08.6,le,3.08,l,33.502,-116.477,9.5,A,11407970,183,2250
12/31/2013,33:24.3,le,3.06,l,31.552,-115.499,10,C,11408186,9,107
1/1/2014,47:16.5,le,3.02,l,35.665,-118.469,10.6,A,11408690,99,2237
1/3/2014,47:59.9,le,3.01,l,33.982,-118.453,11.2,A,11409738,141,2330
1/15/2014,35:18.9,le,4.43,w,34.143,-117.442,3.6,A,11413954,270,2390
1/16/2014,40:06.1,le,3.63,l,33.829,-117.687,10.4,A,11414394,328,2339
1/16/2014,50:03.8,le,3.19,l,34.138,-117.438,3,A,11414410,203,2308
1/18/2014,37:37.2,le,3.15,l,36.394,-116.936,8.9,A,11415114,42,2124
1/27/2014,42:38.0,le,3.19,l,33.645,-116.739,16.4,A,11418122,155,2316
1/27/2014,35:33.8,le,3.39,l,35.312,-118.496,7.4,A,11418410,93,2335
2/1/2014,25:17.7,le,3.13,l,34.216,-119.568,13.1,A,11419778,97,2254
2/3/2014,59:18.0,le,3.07,l,34.063,-117.553,15.3,A,11420386,288,2325
2/3/2014,12:06.3,le,3.24,l,32.573,-115.701,13.2,A,11420466,98,2111
2/4/2014,31:19.3,le,3.59,l,35.026,-119.115,13.1,A,11420690,120,2361
2/4/2014,21:48.3,le,3.04,l,32.175,-115.174,18.8,B,11420746,26,220
2/7/2014,51:51.7,le,3.65,l,32.174,-115.784,11.6,C,11421970,95,2168
2/19/2014,00:02.8,le,3.69,l,31.577,-115.504,10,C,15468257,6,1742
2/19/2014,09:15.1,le,3.47,l,31.572,-115.52,10,C,15468265,7,1965
2/19/2014,12:50.0,le,3.43,l,31.573,-115.499,10,C,15468273,6,1947
2/20/2014,34:41.6,le,3.68,l,35.308,-118.49,3.5,A,37189912,79,2111
3/4/2014,42:55.6,le,3.29,l,35.962,-117.3,7.1,A,15472201,50,2195
3/4/2014,49:32.8,le,3.78,l,35.961,-117.298,6.6,A,15472217,51,2315
3/4/2014,51:03.1,le,3.01,l,35.963,-117.3,6.8,A,15472225,42,2297
3/5/2014,17:01.8,le,3.07,l,33.93,-116.347,6.6,A,15472609,150,2212
3/7/2014,58:31.5,le,3.13,l,35.95,-117.303,7.2,A,15473569,65,2199
3/8/2014,16:31.4,le,3.13,l,33.97,-118.428,9.8,A,15473729,103,2331
3/9/2014,59:48.5,le,3.13,l,36.105,-117.845,3.4,A,15474201,70,2159
3/13/2014,11:04.0,le,4.39,w,36.112,-118.055,0.2,A,15475329,109,2350
3/15/2014,12:19.9,le,3.92,l,34.614,-118.631,9,A,15476409,240,2376
3/16/2014,55:33.4,le,3.47,l,32.875,-116.235,4,A,15476793,151,2258
3/17/2014,25:36.9,le,4.39,w,34.134,-118.486,9.5,A,15476961,361,2647
3/26/2014,50:53.1,le,3.15,l,36.016,-117.539,3.2,A,15480609,57,2240
3/28/2014,15:29.8,le,3.44,l,33.18,-115.6,0.7,A,15481105,102,2247
3/29/2014,03:39.8,le,3.57,l,33.925,-117.934,7.5,A,15481633,247,2466
3/29/2014,09:42.3,le,5.1,w,33.932,-117.917,4.8,A,15481673,191,3003
3/29/2014,11:53.7,le,3.2,l,33.92,-117.932,2.2,A,15481681,78,2448
3/29/2014,30:52.0,le,3.64,l,33.916,-117.931,4.1,A,15481777,213,2481
3/29/2014,37:14.1,le,3.08,l,33.922,-117.9,4.3,A,15481969,100,2424
3/29/2014,02:06.0,le,3.42,l,33.904,-117.955,3.8,A,15482817,217,2445
3/29/2014,32:45.9,le,4.14,w,33.961,-117.892,9.4,A,15483001,306,2662
3/30/2014,51:22.8,le,3.3,l,33.903,-117.95,1.8,A,15483377,179,2457
3/30/2014,17:31.5,le,3.12,l,33.908,-117.948,1.8,A,15483393,154,2439
4/3/2014,08:01.8,le,3.06,l,34.045,-118.943,11.7,A,15485145,68,2399
4/8/2014,59:14.1,le,3.17,l,31.898,-116.213,5.8,B,15486985,35,2137
4/8/2014,06:19.3,le,3.01,l,35.669,-118.466,10.5,A,15487297,117,2130
4/8/2014,55:43.7,le,3.01,l,31.64,-116.405,13.5,A,15487337,43,1813
4/11/2014,53:15.2,le,3.17,l,33.201,-116.048,8.7,A,37210760,137,2190
4/14/2014,32:17.6,le,3.82,l,31.523,-115.47,11.3,C,37211912,15,559
4/18/2014,44:32.2,le,3.09,l,32.636,-115.718,9.7,A,37213512,95,2116
4/19/2014,15:13.0,le,4.24,l,35.466,-118.521,0.1,A,37214496,108,2308
4/20/2014,12:18.2,le,3.14,l,35.466,-118.522,3.6,A,37214944,68,2248
4/25/2014,26:08.8,le,3.3,l,33.986,-115.663,5.3,A,37217280,130,2207
5/6/2014,48:19.8,le,3.51,l,35.45,-118.349,5.2,A,37220384,103,2224
5/8/2014,39:24.9,le,3.32,l,33.957,-118.188,13.9,A,15499025,174,2426
5/9/2014,49:33.2,le,3.09,l,33.924,-116.727,19.2,A,15499489,215,2420
5/19/2014,08:51.6,le,3.84,l,34.253,-116.825,7.5,A,15503377,229,2437
5/23/2014,14:57.6,le,3.22,l,32.332,-115.184,11,C,15504753,15,2066
5/27/2014,30:51.7,le,3.03,l,34.991,-116.867,3.7,A,15506089,61,2341
5/31/2014,59:29.3,le,3.8,l,33.589,-118.37,8.6,A,15507209,221,2467
6/2/2014,36:43.9,le,4.16,w,34.096,-118.491,4.4,A,15507801,119,2509
6/5/2014,19:40.5,le,3.12,l,35.336,-118.56,9.4,A,15509041,105,2383
6/11/2014,38:05.7,le,3.99,l,35.002,-116.916,2.2,A,15510833,189,2560
6/13/2014,35:20.0,le,3.47,l,34.308,-117.498,12.8,A,15511521,121,2489
6/14/2014,41:13.8,le,3.19,l,32.974,-115.89,11,A,15511897,107,2337
6/15/2014,30:26.0,le,3.01,l,36.193,-118.141,2.9,A,15512169,69,2267
6/17/2014,57:47.1,le,3.3,l,35.017,-119.331,0,A,37233224,81,2328
6/18/2014,42:42.6,le,3.65,l,31.5,-115.498,13,C,37233312,34,2108
6/27/2014,17:23.9,le,3.78,l,35.399,-118.475,3.7,A,37236856,125,2350
6/28/2014,06:15.4,le,3.03,l,35.143,-118.167,7.3,A,37237048,130,2375
6/30/2014,30:55.5,le,3.1,l,36.184,-118.322,4.5,A,37237584,63,2342
7/1/2014,04:43.1,le,3.03,l,36.134,-117.965,5.1,A,37238128,64,2361
7/2/2014,32:17.7,le,3.1,l,36.135,-117.963,4.8,A,37238872,63,2412
7/3/2014,50:27.7,le,3.12,l,33.164,-115.646,1.8,A,15519497,79,2400
7/5/2014,59:34.1,le,4.58,w,34.28,-117.028,8.7,A,15520985,196,2737
7/5/2014,00:26.5,le,3.39,l,34.274,-117.018,9.5,A,15520993,100,2659
7/5/2014,05:46.1,le,3.01,l,36.133,-117.967,4.6,A,15521265,48,2397
7/6/2014,54:56.8,le,3.4,l,36.138,-117.966,4.7,A,15521601,59,2566
7/7/2014,51:05.5,le,3.03,l,34.276,-117.026,8.6,A,15522785,238,2596
7/8/2014,31:46.1,le,3.2,l,33.162,-115.647,1.9,A,15523545,96,2452
7/9/2014,04:47.7,le,3.63,l,36.434,-116.933,8.7,A,15524177,26,740
7/9/2014,48:04.8,le,3.19,l,33.251,-115.982,2.9,A,15524489,109,2466
7/10/2014,41:43.7,le,3.22,l,33.505,-116.507,15.4,A,15524873,181,2517
7/11/2014,25:02.3,le,3.36,l,36.627,-116.936,4.5,A,15525449,56,2395
7/15/2014,07:14.2,le,3.02,l,33.592,-115.913,10,A,15526857,108,2480
7/17/2014,24:34.3,le,3.37,l,33.428,-116.425,13.9,A,15527617,178,2585
7/17/2014,45:53.2,le,3.12,l,32.255,-115.322,20.5,B,15527633,52,2201
7/20/2014,18:21.8,le,3.09,l,32.894,-116.274,6.6,A,37248544,97,2338
7/20/2014,43:22.2,le,3.24,l,35.514,-116.242,2.5,A,37248768,37,2400
7/20/2014,48:38.6,le,3,l,35.511,-116.245,0.7,A,37248784,25,2363
7/21/2014,55:13.1,le,3.18,l,32.47,-117.715,10,C,37248888,12,2389
7/24/2014,20:14.6,le,3.52,l,32.904,-116.268,8.8,A,15530681,108,2611
7/28/2014,45:40.1,le,3.27,l,32.987,-117.745,10,C,15531937,49,2659
7/29/2014,38:26.2,le,3.16,l,32.127,-115.14,26.5,B,15532569,31,356
8/7/2014,45:53.8,le,3.25,l,33.483,-116.47,14.8,A,15535825,176,2727
8/9/2014,46:29.4,le,3.17,l,35.174,-118.664,11.9,A,15536505,111,2749
8/12/2014,58:50.2,le,3.16,l,35.99,-116.073,6.4,A,15537721,56,632
8/15/2014,57:18.8,le,3.8,l,34.302,-116.443,9.7,A,15538561,265,2811
8/15/2014,03:36.1,le,3.36,l,33.95,-118.722,12.6,A,37258408,168,2643
8/17/2014,59:10.0,le,3.17,l,32.226,-115.232,19.3,A,37259016,18,2237
8/17/2014,59:21.4,le,3.46,l,32.206,-115.26,12.5,B,37208589,19,2318
8/18/2014,55:56.8,le,3.67,l,34.33,-116.83,7.6,A,37259096,244,2622
8/20/2014,14:34.2,le,3.36,l,32.231,-115.238,20,C,37259944,48,2370
8/25/2014,50:40.6,le,3.25,l,33.697,-118.284,8.2,A,37261424,133,2647
9/3/2014,38:35.9,le,3.64,l,33.799,-116.964,13.6,A,37264024,295,2706
9/4/2014,07:04.3,le,3.43,l,32.55,-115.674,9.5,A,37264592,96,2527
9/7/2014,13:56.8,le,4.04,l,32.222,-117.604,32.3,C,37265488,51,2717
9/8/2014,18:56.7,le,3.64,l,34.518,-118.782,14.2,A,37265672,213,2670
9/9/2014,08:31.0,le,3.34,l,33.78,-116.118,6.1,A,37266216,208,2626
9/12/2014,20:04.5,le,3.3,l,35.407,-117.799,10.5,A,37267296,114,2668
